"file","bytes","md5"
"conflict.csv",3425596,"39f425bbc1507405c45d093bcf70abe6"
"countries.txt",3498,"b8e0682aa2a6593f244c0c3990f029a5"
"covariates.csv",343080,"6c007e6debee9c9ae8c514dba6d7b3fc"
"disaster.csv",721375,"8998dd1a559f268f1c988a1703c40b23"
"infant_mortality.csv",26918,"80d20c1a0a9826eb9c38c74d6697195c"
"maternal_mortality.csv",26381,"5628fae583444ff573cd9a700a800239"
"neonatal_mortality.csv",26735,"afe981aca0e979dd9104705a98cfec85"
"regions.txt",14645,"5127678d1f1a43aa68debf68b99b39af"
"under5_mortality.csv",27618,"bc07554b7de2d535ae9435fe11f341d6"
